kode_satker,nama_kementerian,provinsi,tipe_satker,jenis_belanja_utama,pagu_miliar,jumlah_pegawai,jumlah_spm,revisi_dipa,realisasi_tw1_persen,realisasi_tw2_persen,realisasi_tw3_persen,deviasi_rpd_persen,skor_ikpa,realisasi_tercapai_95persen
SAT0001,Kementan,Jawa Tengah,Kantor Pusat,Belanja Modal,6.34,328,39,1,23.17,33.2,47.79,29.7,89.13,Tidak
SAT0002,Kementan,Aceh,Kantor Pusat,Bantuan Sosial,17.53,125,102,5,12.62,28.62,40.97,9.36,94.6,Ya
SAT0003,Kemenhan,Lampung,Kantor Pusat,Belanja Barang,7.7,122,34,1,25.73,48.66,61.97,10.2,71.25,Ya
SAT0004,Kemensos,Sumatera Utara,Tugas Pembantuan,Belanja Barang,4.19,260,120,1,12.04,41.52,51.56,2.37,84.94,Ya
SAT0005,Kemenag,Sumatera Barat,Tugas Pembantuan,Belanja Pegawai,66.93,485,12,1,26.82,53.76,78.13,13.28,90.68,Ya
SAT0006,Kemenhan,Aceh,Dekonsentrasi,Belanja Pegawai,217.79,260,154,1,7.81,18.28,42.93,7.83,77.57,Tidak
SAT0007,Kemenag,NTB,Dekonsentrasi,Belanja Modal,4.11,312,48,3,22.59,50.56,70.86,10.3,79.23,Tidak
SAT0008,Kemenag,DKI Jakarta,Kantor Daerah,Belanja Barang,43.29,468,190,0,18.52,44.18,57.41,25.04,88.41,Tidak
SAT0009,Kemenkeu,NTT,Tugas Pembantuan,Belanja Barang,10.09,322,40,2,7.41,33.02,44.69,28.06,96.94,Tidak
SAT0010,Kemenhan,Jawa Tengah,Kantor Pusat,Belanja Barang,12.28,127,81,4,11.05,30.21,40.59,5.57,94.3,Ya
SAT0011,Kemenag,NTB,Kantor Pusat,Belanja Modal,10.82,310,35,2,5.31,23.27,36.58,11.18,87.49,Tidak
SAT0012,Kemenhub,Sulawesi Selatan,Kantor Daerah,Belanja Barang,7.81,170,51,2,16.72,32.78,60.6,27.86,91.91,Ya
SAT0013,Kemenkeu,Jawa Tengah,Kantor Pusat,Belanja Pegawai,23.35,410,59,5,12.53,23.84,38.67,1.85,80.94,Ya
SAT0014,Kementan,Sumatera Utara,Kantor Daerah,Belanja Modal,8.13,207,110,0,19.96,34.52,51.61,2.77,89.23,Ya
SAT0015,Kemenkeu,Papua,Dekonsentrasi,Belanja Pegawai,30.47,269,194,5,12.43,27.36,39.47,4.88,83.99,Tidak
SAT0016,Kemendikbud,Jawa Barat,Tugas Pembantuan,Belanja Pegawai,20.74,157,162,0,12.5,32.18,46.63,17.86,75.7,Ya
SAT0017,Kemendikbud,Sumatera Barat,Kantor Daerah,Belanja Modal,16.54,249,125,0,23.58,48.53,68.91,4.51,91.05,Ya
SAT0018,Kemenag,Jawa Barat,Kantor Pusat,Bantuan Sosial,7.41,56,59,1,6.2,25.68,47.84,29.04,86.69,Tidak
SAT0019,Kemenhan,Lampung,Kantor Daerah,Bantuan Sosial,11.02,484,148,3,27.57,38.73,53.64,13.4,80.76,Tidak
SAT0020,Kementan,Sulawesi Selatan,Dekonsentrasi,Belanja Pegawai,54.53,408,16,1,26.31,55.47,66.62,15.05,97.34,Tidak
SAT0021,Kemenkeu,Sulawesi Selatan,Kantor Pusat,Bantuan Sosial,40.18,207,149,3,21.7,50.55,68.37,7.4,70.63,Ya
SAT0022,Kemenhan,Sumatera Barat,Dekonsentrasi,Belanja Barang,6.82,56,148,5,19.83,45.53,60.21,14.13,79.47,Tidak
SAT0023,Kemenkeu,Sumatera Barat,Dekonsentrasi,Belanja Modal,24.81,87,144,3,27.31,57.14,71.53,19.86,71.71,Ya
SAT0024,Kemenkeu,Bali,Kantor Daerah,Belanja Pegawai,54.27,133,140,5,9.63,30.52,59.72,22.54,93.0,Tidak
SAT0025,Kemenhub,Lampung,Dekonsentrasi,Belanja Barang,2.97,84,7,2,6.97,36.23,58.56,22.62,91.06,Tidak
SAT0026,Kemendikbud,Riau,Kantor Pusat,Bantuan Sosial,42.28,368,148,2,10.99,22.5,43.64,17.34,79.94,Tidak
SAT0027,Kemenkeu,Sumatera Barat,Dekonsentrasi,Belanja Barang,9.95,146,34,3,24.86,42.17,60.49,27.13,90.27,Tidak
SAT0028,Kemenhub,NTB,Dekonsentrasi,Bantuan Sosial,43.68,99,27,3,5.87,20.38,38.96,24.52,81.88,Tidak
SAT0029,Kemendikbud,Jawa Barat,Kantor Daerah,Belanja Pegawai,8.81,409,96,5,19.57,33.49,54.31,22.71,92.69,Ya
SAT0030,Kemenhub,Papua,Dekonsentrasi,Belanja Barang,2.53,334,119,1,29.89,42.71,66.64,1.67,83.63,Ya
SAT0031,Kemenhan,Aceh,Tugas Pembantuan,Belanja Modal,3.12,70,108,5,26.39,48.84,72.88,0.21,82.37,Ya
SAT0032,Kemensos,Jawa Barat,Kantor Daerah,Belanja Pegawai,23.33,147,122,1,18.04,43.67,57.1,6.37,98.04,Tidak
SAT0033,Kemendikbud,Riau,Kantor Daerah,Belanja Barang,30.08,59,9,2,6.59,28.16,48.16,19.91,77.53,Ya
SAT0034,Kemendagri,DKI Jakarta,Kantor Pusat,Belanja Barang,7.44,268,108,0,25.78,38.72,56.96,12.34,73.61,Tidak
SAT0035,Kemensos,NTT,Kantor Pusat,Bantuan Sosial,47.4,470,112,3,19.97,46.19,73.6,12.07,87.54,Tidak
SAT0036,Kemenhan,Jawa Barat,Kantor Pusat,Belanja Pegawai,3.0,116,69,1,7.87,30.59,53.22,26.54,99.08,Ya
SAT0037,Kemenkeu,Lampung,Kantor Pusat,Belanja Pegawai,20.35,122,125,5,7.35,25.11,45.76,26.87,81.34,Tidak
SAT0038,Kementan,Kalimantan Timur,Tugas Pembantuan,Belanja Pegawai,5.15,359,34,2,27.74,51.22,63.53,27.28,71.86,Tidak
SAT0039,Kemenhan,Bali,Kantor Daerah,Belanja Pegawai,10.07,263,153,1,21.73,36.93,59.04,9.42,80.18,Tidak
SAT0040,Kemenhub,Sumatera Utara,Dekonsentrasi,Bantuan Sosial,23.32,127,88,5,25.73,42.63,54.97,20.73,85.18,Tidak
SAT0041,Kemenhub,Sulawesi Selatan,Kantor Pusat,Belanja Modal,7.84,207,154,3,26.97,55.32,72.06,8.15,74.86,Ya
SAT0042,Kemenhub,Lampung,Kantor Pusat,Belanja Pegawai,13.88,346,36,3,19.29,35.1,47.96,5.72,89.74,Tidak
SAT0043,Kemenhub,DKI Jakarta,Kantor Pusat,Bantuan Sosial,73.68,374,165,4,17.94,37.34,61.18,5.54,99.93,Tidak
SAT0044,Kemenhan,Aceh,Dekonsentrasi,Belanja Modal,11.02,60,20,0,15.76,43.56,57.69,10.26,83.55,Ya
SAT0045,Kementan,Sulawesi Selatan,Kantor Pusat,Belanja Modal,60.04,254,42,4,12.92,37.07,54.91,12.9,80.64,Tidak
SAT0046,Kemenkes,Lampung,Dekonsentrasi,Bantuan Sosial,5.68,412,146,2,15.86,27.1,55.01,24.93,82.02,Ya
SAT0047,Kemenhub,Aceh,Kantor Daerah,Belanja Pegawai,41.6,435,40,1,24.35,37.3,51.39,3.6,73.45,Ya
SAT0048,Kemenkes,Bali,Kantor Daerah,Belanja Modal,124.23,44,155,2,20.05,30.21,50.37,22.05,96.5,Tidak
SAT0049,Kementan,Riau,Kantor Daerah,Belanja Pegawai,1.13,311,118,5,27.31,49.93,68.32,15.94,82.44,Tidak
SAT0050,Kementan,Jawa Tengah,Tugas Pembantuan,Belanja Pegawai,8.47,419,70,3,16.08,35.03,45.39,8.64,81.62,Ya
SAT0051,Kemensos,Sumatera Barat,Dekonsentrasi,Belanja Barang,44.02,78,109,4,20.18,32.87,58.73,14.78,89.79,Tidak
SAT0052,Kemendikbud,DKI Jakarta,Kantor Pusat,Belanja Pegawai,17.26,358,89,4,20.78,49.94,61.32,9.0,83.26,Ya
SAT0053,Kemendagri,Sumatera Barat,Kantor Pusat,Belanja Barang,34.38,329,6,4,19.79,40.38,59.87,17.88,89.45,Ya
SAT0054,Kemenag,Jawa Timur,Kantor Pusat,Belanja Modal,10.67,430,197,2,22.57,37.41,58.62,13.02,71.84,Ya
SAT0055,Kemendagri,DKI Jakarta,Kantor Pusat,Bantuan Sosial,24.44,477,79,3,10.94,30.95,53.52,4.93,94.41,Tidak
SAT0056,Kemenhan,NTB,Tugas Pembantuan,Belanja Barang,18.27,58,71,1,17.81,41.4,65.17,3.5,98.22,Ya
SAT0057,Kemenag,Bali,Kantor Pusat,Bantuan Sosial,89.44,414,184,5,7.61,19.13,34.2,16.4,89.46,Tidak
SAT0058,Kementan,Sumatera Utara,Tugas Pembantuan,Belanja Modal,29.89,83,194,1,14.61,30.1,40.3,27.07,98.64,Tidak
SAT0059,Kemendagri,DKI Jakarta,Dekonsentrasi,Belanja Pegawai,33.03,201,155,2,17.19,43.33,67.8,10.32,74.54,Tidak
SAT0060,Kemen PUPR,NTB,Kantor Daerah,Belanja Modal,13.44,270,158,5,21.31,40.5,61.21,21.99,84.32,Tidak
SAT0061,Kemendikbud,Bali,Kantor Pusat,Bantuan Sosial,12.27,365,59,4,28.76,49.69,76.41,19.76,88.05,Tidak
SAT0062,Kemendagri,Papua,Kantor Daerah,Belanja Modal,13.11,79,10,0,20.02,38.68,65.11,27.95,87.45,Tidak
SAT0063,Kemendikbud,NTT,Dekonsentrasi,Belanja Pegawai,35.36,99,167,2,23.59,34.47,61.34,24.63,82.04,Tidak
SAT0064,Kemenkes,Jawa Barat,Dekonsentrasi,Belanja Modal,13.29,269,154,2,17.66,30.97,50.67,17.0,80.14,Ya
SAT0065,Kemenhan,Papua,Kantor Pusat,Belanja Pegawai,31.19,135,175,3,20.85,39.76,56.43,19.71,73.8,Tidak
SAT0066,Kemendikbud,Bali,Dekonsentrasi,Belanja Barang,265.8,240,147,1,6.77,20.95,46.78,26.95,81.75,Ya
SAT0067,Kemenkes,Kalimantan Timur,Kantor Daerah,Bantuan Sosial,62.65,304,90,2,11.36,22.36,41.39,11.99,74.88,Tidak
SAT0068,Kemenhub,Jawa Tengah,Kantor Pusat,Belanja Pegawai,14.89,428,64,2,14.05,40.92,54.59,9.8,92.03,Tidak
SAT0069,Kemenkes,Jawa Barat,Tugas Pembantuan,Belanja Pegawai,93.1,138,105,4,16.81,46.43,73.53,0.32,76.26,Ya
SAT0070,Kemenhan,Kalimantan Timur,Kantor Pusat,Belanja Modal,13.5,289,16,4,6.14,32.0,59.65,24.8,71.76,Tidak
SAT0071,Kemensos,Aceh,Kantor Daerah,Belanja Barang,1.91,322,53,5,8.5,35.58,54.91,24.03,86.57,Ya
SAT0072,Kemenhub,Sumatera Utara,Kantor Pusat,Belanja Pegawai,6.57,109,46,0,11.92,26.76,38.27,3.13,87.86,Tidak
SAT0073,Kementan,Sulawesi Selatan,Kantor Pusat,Belanja Barang,2.33,335,170,3,29.29,58.5,76.26,17.31,96.16,Tidak
SAT0074,Kemenkeu,Jawa Timur,Kantor Daerah,Belanja Barang,14.45,306,86,0,13.28,27.22,53.29,13.92,87.31,Ya
SAT0075,Kemenkes,Jawa Barat,Kantor Pusat,Belanja Modal,22.52,191,177,5,17.05,46.08,74.12,3.56,80.36,Ya
SAT0076,Kemenkes,Papua,Kantor Pusat,Belanja Pegawai,164.67,183,39,4,9.9,39.8,53.87,29.42,94.09,Tidak
SAT0077,Kemendikbud,Jawa Tengah,Kantor Daerah,Belanja Modal,32.61,325,162,1,20.27,44.5,55.84,6.44,86.21,Ya
SAT0078,Kementan,Lampung,Dekonsentrasi,Bantuan Sosial,16.93,373,162,4,12.02,41.64,69.19,2.02,72.38,Ya
SAT0079,Kemendagri,NTB,Kantor Daerah,Bantuan Sosial,59.59,197,138,3,10.17,31.56,49.35,17.85,86.98,Tidak
SAT0080,Kemen PUPR,Kalimantan Timur,Kantor Pusat,Belanja Pegawai,1.55,66,71,4,17.91,33.1,53.94,22.17,97.24,Tidak
SAT0081,Kemenag,NTB,Tugas Pembantuan,Belanja Barang,29.22,40,84,3,5.14,23.88,53.24,0.97,81.89,Tidak
SAT0082,Kemenkes,Bali,Tugas Pembantuan,Belanja Pegawai,55.55,93,11,3,5.19,27.06,38.39,19.76,78.89,Ya
SAT0083,Kemendagri,Jawa Barat,Kantor Daerah,Belanja Pegawai,3.74,161,184,3,10.48,21.94,44.91,15.97,74.3,Tidak
SAT0084,Kemen PUPR,NTB,Tugas Pembantuan,Bantuan Sosial,86.9,482,18,5,5.92,28.37,39.85,3.1,74.54,Tidak
SAT0085,Kemenag,Sulawesi Selatan,Kantor Pusat,Bantuan Sosial,33.06,45,77,3,7.7,37.32,54.83,5.18,82.98,Ya
SAT0086,Kemenkeu,Sumatera Barat,Kantor Pusat,Belanja Barang,13.38,222,147,3,13.47,27.27,53.35,17.04,87.87,Tidak
SAT0087,Kemendikbud,Bali,Kantor Daerah,Belanja Barang,47.07,423,153,1,25.06,50.91,69.58,8.89,72.42,Tidak
SAT0088,Kemendagri,Kalimantan Timur,Kantor Pusat,Belanja Pegawai,335.99,417,167,0,19.3,47.46,77.4,28.15,98.19,Ya
SAT0089,Kemendikbud,Sumatera Barat,Dekonsentrasi,Belanja Modal,27.4,373,70,2,17.82,46.69,67.87,24.56,92.65,Tidak
SAT0090,Kemenag,Jawa Tengah,Kantor Pusat,Belanja Pegawai,29.67,115,95,0,12.34,41.54,57.96,29.51,87.6,Tidak
SAT0091,Kemensos,DKI Jakarta,Kantor Daerah,Belanja Barang,12.69,423,134,3,28.29,48.72,63.12,7.79,94.85,Tidak
SAT0092,Kemenkes,NTB,Dekonsentrasi,Belanja Modal,7.94,351,167,1,14.93,44.48,61.49,29.09,72.41,Tidak
SAT0093,Kemenhub,Sulawesi Selatan,Dekonsentrasi,Bantuan Sosial,59.66,229,24,4,7.18,32.33,49.78,12.94,84.31,Tidak
SAT0094,Kemen PUPR,Bali,Tugas Pembantuan,Belanja Barang,7.88,400,14,1,20.43,33.66,45.03,10.43,88.9,Ya
SAT0095,Kementan,Sulawesi Selatan,Kantor Pusat,Belanja Barang,24.0,172,29,3,7.85,27.39,44.78,1.51,94.86,Ya
SAT0096,Kemenhan,Sumatera Utara,Kantor Daerah,Belanja Modal,12.42,448,198,1,13.63,38.0,57.28,1.58,93.5,Ya
SAT0097,Kemenkes,Sumatera Barat,Tugas Pembantuan,Belanja Barang,39.14,229,29,1,17.69,32.64,57.09,20.76,78.31,Ya
SAT0098,Kemenhub,Lampung,Tugas Pembantuan,Belanja Barang,32.87,279,58,3,26.86,49.67,72.8,13.74,98.23,Ya
SAT0099,Kemenhan,Bali,Kantor Pusat,Belanja Barang,76.5,129,37,5,17.34,40.67,64.85,6.8,73.73,Tidak
SAT0100,Kemendagri,Jawa Barat,Kantor Pusat,Belanja Barang,11.94,403,168,1,22.56,35.81,45.98,18.42,96.25,Tidak
SAT0101,Kemenhan,Aceh,Kantor Daerah,Belanja Barang,15.93,345,99,2,29.82,51.12,65.47,7.59,99.13,Tidak
SAT0102,Kemenkeu,Lampung,Tugas Pembantuan,Belanja Barang,6.81,409,18,2,8.29,33.72,56.95,17.33,75.31,Tidak
SAT0103,Kemenkes,Aceh,Kantor Daerah,Belanja Barang,12.92,191,69,1,11.87,31.85,51.53,10.78,91.66,Tidak
SAT0104,Kemendikbud,DKI Jakarta,Tugas Pembantuan,Belanja Barang,34.64,488,114,5,14.86,25.1,35.21,24.71,71.21,Tidak
SAT0105,Kemensos,DKI Jakarta,Tugas Pembantuan,Bantuan Sosial,54.63,115,84,4,15.55,25.73,51.82,24.62,82.16,Ya
SAT0106,Kementan,Aceh,Tugas Pembantuan,Belanja Barang,7.28,226,58,3,15.28,32.42,57.88,14.32,85.49,Tidak
SAT0107,Kemendikbud,NTB,Kantor Pusat,Bantuan Sosial,62.54,214,129,2,27.69,56.21,77.18,10.52,87.42,Ya
SAT0108,Kemenhub,Jawa Timur,Tugas Pembantuan,Bantuan Sosial,112.06,79,184,4,22.85,37.42,48.75,10.88,98.08,Tidak
SAT0109,Kemenkes,Sulawesi Selatan,Tugas Pembantuan,Belanja Pegawai,36.17,53,135,1,20.2,42.89,68.22,24.17,90.17,Ya
SAT0110,Kemensos,Riau,Tugas Pembantuan,Belanja Pegawai,209.43,338,173,4,12.73,27.17,48.84,9.85,84.44,Tidak
SAT0111,Kemenhan,Papua,Dekonsentrasi,Bantuan Sosial,8.7,310,138,0,25.59,42.02,67.66,6.27,94.29,Tidak
SAT0112,Kemenkes,DKI Jakarta,Kantor Pusat,Bantuan Sosial,4.95,237,29,2,28.88,55.84,80.87,2.54,98.52,Ya
SAT0113,Kemenhan,Lampung,Dekonsentrasi,Belanja Barang,2.61,193,145,1,25.53,50.11,76.17,14.0,70.66,Tidak
SAT0114,Kemendagri,DKI Jakarta,Kantor Pusat,Belanja Pegawai,132.62,116,121,3,5.04,16.95,37.31,14.46,99.48,Ya
SAT0115,Kemenkeu,Riau,Kantor Daerah,Belanja Modal,48.3,93,140,5,20.91,39.48,52.29,25.23,72.58,Tidak
SAT0116,Kemenag,Riau,Dekonsentrasi,Belanja Pegawai,20.61,347,153,1,6.28,16.86,40.28,6.64,94.43,Tidak
SAT0117,Kemenkes,Sumatera Utara,Kantor Daerah,Bantuan Sosial,30.82,259,29,3,11.44,31.06,53.47,11.43,78.41,Tidak
SAT0118,Kemenhub,NTT,Tugas Pembantuan,Bantuan Sosial,5.71,372,83,5,6.49,29.74,54.59,24.25,73.97,Tidak
SAT0119,Kemenhan,Sumatera Utara,Kantor Daerah,Belanja Barang,414.53,450,72,5,20.09,32.46,45.86,24.71,83.2,Tidak
SAT0120,Kemendikbud,Sumatera Utara,Kantor Daerah,Belanja Barang,25.72,30,177,1,22.16,37.94,51.84,11.54,89.32,Tidak
SAT0121,Kemendagri,NTT,Kantor Daerah,Belanja Pegawai,25.12,205,192,4,7.86,25.82,53.63,13.77,81.43,Tidak
SAT0122,Kemenhub,Sulawesi Selatan,Kantor Daerah,Belanja Barang,52.62,187,16,4,14.6,42.99,67.99,9.1,71.64,Tidak
SAT0123,Kementan,Bali,Kantor Pusat,Belanja Modal,39.23,426,36,5,16.41,46.28,74.44,27.98,87.98,Ya
SAT0124,Kemenag,Jawa Tengah,Dekonsentrasi,Belanja Modal,28.82,484,132,4,14.23,25.13,50.3,3.56,97.07,Tidak
SAT0125,Kemendagri,Papua,Kantor Pusat,Belanja Barang,8.53,16,100,0,8.03,33.25,55.19,28.01,81.5,Tidak
SAT0126,Kemenkeu,Riau,Kantor Pusat,Belanja Modal,38.78,79,96,5,15.47,32.9,55.98,20.52,76.49,Ya
SAT0127,Kemenag,DKI Jakarta,Kantor Pusat,Belanja Modal,210.75,136,145,5,23.78,41.63,69.41,15.95,83.28,Tidak
SAT0128,Kemenhan,Jawa Timur,Kantor Daerah,Belanja Pegawai,110.69,408,35,3,6.78,31.87,53.45,0.98,71.45,Ya
SAT0129,Kemenhub,Papua,Kantor Pusat,Belanja Modal,149.02,475,82,4,7.0,35.37,58.02,14.27,94.61,Tidak
SAT0130,Kementan,Aceh,Dekonsentrasi,Bantuan Sosial,11.93,169,24,5,13.87,42.89,56.02,12.23,94.79,Tidak
SAT0131,Kemen PUPR,NTB,Kantor Pusat,Bantuan Sosial,6.72,257,150,0,28.54,50.08,69.56,4.84,87.64,Ya
SAT0132,Kemenkeu,Bali,Tugas Pembantuan,Belanja Pegawai,18.94,212,64,3,21.71,38.85,63.18,19.69,80.59,Tidak
SAT0133,Kemensos,NTT,Kantor Daerah,Belanja Barang,23.55,157,195,1,21.97,47.72,63.14,29.13,93.99,Tidak
SAT0134,Kemenhan,Papua,Tugas Pembantuan,Belanja Pegawai,81.88,481,138,5,14.05,29.07,43.12,16.87,86.64,Ya
SAT0135,Kemen PUPR,DKI Jakarta,Dekonsentrasi,Belanja Barang,2.89,152,164,0,19.84,41.12,57.4,21.44,94.78,Ya
SAT0136,Kemenkes,Papua,Dekonsentrasi,Belanja Barang,138.06,441,97,2,5.25,22.42,37.25,2.05,88.94,Ya
SAT0137,Kementan,Jawa Tengah,Dekonsentrasi,Belanja Barang,18.22,208,47,0,20.9,44.03,58.33,12.53,93.53,Ya
SAT0138,Kemendikbud,Sumatera Barat,Dekonsentrasi,Belanja Barang,13.2,414,134,0,27.83,42.64,61.14,3.49,87.96,Ya
SAT0139,Kemensos,Lampung,Kantor Pusat,Belanja Barang,6.54,435,64,3,20.31,34.14,62.3,18.38,82.42,Tidak
SAT0140,Kemenhub,NTT,Kantor Daerah,Belanja Pegawai,3.02,163,155,1,26.84,55.2,75.34,28.15,98.74,Ya
SAT0141,Kementan,Papua,Dekonsentrasi,Belanja Barang,59.15,385,35,2,23.1,35.14,48.9,19.85,86.23,Tidak
SAT0142,Kemenag,DKI Jakarta,Tugas Pembantuan,Belanja Modal,24.05,393,9,4,8.01,28.13,39.67,2.3,88.15,Tidak
SAT0143,Kemendagri,DKI Jakarta,Dekonsentrasi,Belanja Modal,4.68,151,166,4,27.56,41.98,65.9,10.64,76.61,Ya
SAT0144,Kemenag,Papua,Kantor Daerah,Belanja Barang,4.66,322,14,0,6.66,17.44,35.1,16.52,88.77,Tidak
SAT0145,Kemenag,Sumatera Barat,Tugas Pembantuan,Belanja Modal,14.72,174,93,3,18.35,29.07,55.51,12.1,87.15,Tidak
SAT0146,Kemenkes,NTB,Tugas Pembantuan,Bantuan Sosial,163.22,323,134,3,8.55,22.05,45.24,25.01,75.55,Tidak
SAT0147,Kemenkeu,Sulawesi Selatan,Tugas Pembantuan,Belanja Pegawai,16.13,30,130,4,5.29,32.63,58.55,24.44,71.79,Tidak
SAT0148,Kemendikbud,Jawa Timur,Kantor Pusat,Belanja Pegawai,3.63,91,15,2,15.55,31.2,46.64,18.35,88.13,Tidak
SAT0149,Kemensos,Kalimantan Timur,Dekonsentrasi,Belanja Barang,16.4,78,182,1,12.38,41.39,65.24,11.2,92.91,Tidak
SAT0150,Kemenkeu,Sumatera Utara,Kantor Pusat,Belanja Barang,15.88,140,163,2,17.15,38.78,54.06,7.66,85.7,Tidak
SAT0151,Kementan,NTT,Tugas Pembantuan,Bantuan Sosial,1.0,96,60,5,19.43,38.16,66.94,3.18,76.8,Ya
SAT0152,Kemenag,NTB,Kantor Pusat,Belanja Barang,20.64,227,87,5,6.09,27.69,50.42,10.65,90.0,Tidak
SAT0153,Kemenkes,Kalimantan Timur,Kantor Pusat,Belanja Modal,16.7,430,141,1,8.08,28.41,44.9,12.4,72.4,Tidak
SAT0154,Kementan,Bali,Kantor Pusat,Bantuan Sosial,50.79,481,103,4,18.97,44.15,59.54,20.27,83.26,Tidak
SAT0155,Kemendagri,Bali,Dekonsentrasi,Belanja Modal,202.55,314,153,1,13.58,29.23,43.05,19.74,74.9,Tidak
SAT0156,Kemendikbud,DKI Jakarta,Tugas Pembantuan,Belanja Pegawai,85.13,412,77,3,23.23,40.29,64.18,2.1,75.53,Ya
SAT0157,Kemensos,Bali,Tugas Pembantuan,Belanja Modal,15.95,380,160,5,21.31,49.19,63.56,11.86,76.07,Tidak
SAT0158,Kemendagri,Sulawesi Selatan,Dekonsentrasi,Belanja Pegawai,5.84,354,194,0,26.14,55.07,76.98,5.45,81.6,Ya
SAT0159,Kemenkes,Jawa Timur,Kantor Pusat,Belanja Modal,483.13,350,119,0,22.31,50.16,65.45,4.7,71.53,Ya
SAT0160,Kemendikbud,Riau,Kantor Pusat,Belanja Pegawai,23.65,393,11,4,15.75,34.14,57.38,24.82,81.93,Ya
SAT0161,Kementan,NTB,Kantor Daerah,Belanja Barang,22.4,405,84,3,21.82,47.43,73.73,1.26,85.35,Ya
SAT0162,Kemenag,Lampung,Kantor Daerah,Belanja Modal,21.4,454,148,2,11.88,31.41,56.97,12.58,84.5,Tidak
SAT0163,Kemenag,Bali,Kantor Daerah,Belanja Pegawai,27.94,434,101,3,12.66,32.61,57.83,5.05,81.48,Tidak
SAT0164,Kemenhan,Jawa Tengah,Dekonsentrasi,Belanja Modal,18.52,170,8,0,24.72,38.81,52.56,26.38,95.17,Ya
SAT0165,Kemenag,Riau,Tugas Pembantuan,Bantuan Sosial,11.07,187,8,0,16.16,37.98,49.75,16.71,74.36,Tidak
SAT0166,Kemen PUPR,Jawa Timur,Kantor Daerah,Belanja Barang,11.43,126,107,5,24.96,38.68,62.66,6.94,85.17,Tidak
SAT0167,Kemenag,Aceh,Tugas Pembantuan,Belanja Pegawai,21.18,205,44,3,25.56,42.19,59.56,15.07,71.86,Ya
SAT0168,Kemen PUPR,Sulawesi Selatan,Tugas Pembantuan,Bantuan Sosial,11.47,392,21,3,26.44,53.54,72.19,21.94,72.13,Ya
SAT0169,Kemenhub,Sumatera Barat,Tugas Pembantuan,Belanja Modal,9.36,499,105,0,27.92,42.06,52.68,28.74,87.22,Ya
SAT0170,Kemen PUPR,Kalimantan Timur,Dekonsentrasi,Bantuan Sosial,25.03,336,107,2,15.77,27.19,42.38,6.61,86.98,Tidak
SAT0171,Kemendikbud,Jawa Timur,Dekonsentrasi,Belanja Modal,16.22,95,128,4,12.97,24.35,35.02,26.59,96.34,Tidak
SAT0172,Kemendagri,Jawa Timur,Dekonsentrasi,Belanja Barang,133.89,298,56,4,19.55,48.37,75.95,28.03,86.74,Tidak
SAT0173,Kemendikbud,Kalimantan Timur,Dekonsentrasi,Bantuan Sosial,1.0,90,56,3,14.28,34.42,49.29,27.49,98.79,Ya
SAT0174,Kemendagri,Sulawesi Selatan,Kantor Daerah,Belanja Barang,81.62,161,168,4,20.03,38.22,59.37,19.06,71.46,Tidak
SAT0175,Kemenhan,Riau,Kantor Pusat,Belanja Pegawai,98.25,70,128,0,22.64,48.86,59.64,18.89,72.94,Tidak
SAT0176,Kemenhub,Sumatera Barat,Kantor Pusat,Belanja Modal,1.83,70,170,0,22.21,48.93,72.27,12.1,71.32,Tidak
SAT0177,Kemendagri,Bali,Kantor Pusat,Belanja Modal,14.6,363,182,3,14.36,31.0,47.46,22.57,75.56,Tidak
SAT0178,Kemendagri,DKI Jakarta,Kantor Daerah,Belanja Barang,14.1,37,67,3,9.17,33.04,61.0,15.94,86.24,Ya
SAT0179,Kemenkes,NTT,Kantor Pusat,Belanja Barang,4.07,451,120,5,15.76,41.18,68.94,20.32,89.37,Ya
SAT0180,Kemenkeu,Riau,Kantor Daerah,Belanja Pegawai,8.66,52,195,3,8.56,31.65,48.16,12.85,71.37,Ya
SAT0181,Kemenkeu,Sumatera Barat,Kantor Daerah,Bantuan Sosial,5.81,178,66,2,27.25,40.28,68.3,21.94,98.38,Ya
SAT0182,Kemenkes,Kalimantan Timur,Kantor Daerah,Belanja Modal,180.36,432,11,4,13.65,41.17,71.09,24.73,95.26,Ya
SAT0183,Kemenag,Lampung,Kantor Pusat,Belanja Modal,67.7,95,159,3,8.86,29.64,56.15,4.39,78.9,Ya
SAT0184,Kemenkes,Kalimantan Timur,Tugas Pembantuan,Belanja Pegawai,101.3,186,96,1,5.64,21.29,48.19,24.99,72.32,Tidak
SAT0185,Kemendagri,Sumatera Barat,Kantor Pusat,Belanja Pegawai,52.37,26,18,5,21.15,39.65,54.63,16.21,75.1,Tidak
SAT0186,Kemendagri,Kalimantan Timur,Kantor Pusat,Belanja Barang,5.68,107,90,1,20.92,31.67,53.2,25.34,73.81,Tidak
SAT0187,Kemenkes,Kalimantan Timur,Dekonsentrasi,Belanja Barang,11.74,463,137,0,13.52,26.08,37.43,12.94,73.7,Tidak
SAT0188,Kemenkes,NTT,Kantor Daerah,Bantuan Sosial,39.63,207,187,4,6.79,32.1,44.0,11.37,85.56,Tidak
SAT0189,Kemenag,NTB,Tugas Pembantuan,Belanja Pegawai,5.08,107,134,3,15.24,25.24,55.22,27.45,77.38,Ya
SAT0190,Kemendikbud,NTT,Dekonsentrasi,Bantuan Sosial,51.82,74,66,1,12.78,31.11,47.64,7.54,80.74,Tidak
SAT0191,Kemenhub,Bali,Tugas Pembantuan,Belanja Pegawai,16.51,339,153,4,21.93,42.38,67.34,25.33,99.69,Ya
SAT0192,Kementan,Papua,Tugas Pembantuan,Belanja Modal,14.05,350,83,0,20.14,31.23,57.36,14.52,90.53,Tidak
SAT0193,Kemendagri,Papua,Kantor Daerah,Belanja Pegawai,51.7,14,153,2,14.11,43.57,70.73,15.42,98.47,Ya
SAT0194,Kemenhub,Jawa Barat,Kantor Pusat,Belanja Pegawai,37.54,11,142,5,10.45,24.97,54.92,9.25,74.28,Tidak
SAT0195,Kemenkes,Riau,Kantor Daerah,Belanja Modal,14.28,31,62,4,29.7,45.78,60.61,17.19,81.46,Ya
SAT0196,Kemenag,Riau,Kantor Daerah,Belanja Pegawai,88.54,121,124,4,16.35,32.43,43.24,9.76,86.64,Ya
SAT0197,Kemen PUPR,Kalimantan Timur,Dekonsentrasi,Bantuan Sosial,6.02,66,171,2,22.21,36.82,55.04,1.18,72.3,Tidak
SAT0198,Kemenag,Kalimantan Timur,Kantor Daerah,Belanja Barang,46.13,75,137,4,8.51,18.54,31.14,8.16,70.13,Ya
SAT0199,Kemensos,Jawa Timur,Kantor Pusat,Belanja Barang,44.88,339,69,0,17.14,41.73,52.18,0.19,90.11,Ya
SAT0200,Kemensos,Papua,Tugas Pembantuan,Bantuan Sosial,15.19,107,17,0,5.69,35.03,52.24,29.35,89.25,Tidak
SAT0201,Kemenhub,Bali,Kantor Daerah,Belanja Modal,32.58,153,185,2,17.64,32.13,57.8,28.97,82.32,Tidak
SAT0202,Kemenkeu,Lampung,Tugas Pembantuan,Belanja Pegawai,4.91,377,86,5,29.1,52.36,73.68,11.85,84.69,Tidak
SAT0203,Kemensos,DKI Jakarta,Kantor Daerah,Bantuan Sosial,66.76,444,177,3,14.61,39.45,55.71,21.85,82.46,Tidak
SAT0204,Kemensos,Jawa Barat,Tugas Pembantuan,Belanja Barang,17.64,134,164,1,5.97,32.94,56.03,10.37,70.72,Ya
SAT0205,Kemendikbud,Riau,Kantor Daerah,Belanja Barang,11.76,176,168,3,5.77,24.22,38.86,20.13,80.06,Tidak
SAT0206,Kemen PUPR,Aceh,Dekonsentrasi,Bantuan Sosial,77.56,95,192,4,14.7,30.76,41.05,24.16,75.31,Tidak
SAT0207,Kemendikbud,Riau,Tugas Pembantuan,Belanja Barang,9.46,85,143,1,9.0,25.51,50.8,28.4,72.95,Tidak
SAT0208,Kemen PUPR,Jawa Barat,Kantor Daerah,Bantuan Sosial,4.06,353,195,2,5.58,29.83,52.3,12.01,98.7,Ya
SAT0209,Kemenhan,Lampung,Kantor Daerah,Belanja Barang,3.4,433,153,2,23.91,50.25,75.5,23.5,87.98,Tidak
SAT0210,Kementan,Lampung,Dekonsentrasi,Bantuan Sosial,45.58,303,56,5,16.46,30.09,40.87,7.98,91.86,Tidak
SAT0211,Kemendagri,Sumatera Barat,Dekonsentrasi,Belanja Pegawai,4.74,453,187,1,12.23,29.65,56.39,29.71,79.46,Tidak
SAT0212,Kemensos,Aceh,Dekonsentrasi,Belanja Pegawai,180.91,68,121,0,27.5,55.54,77.93,0.77,81.79,Ya
SAT0213,Kemendagri,Aceh,Tugas Pembantuan,Belanja Pegawai,1.81,147,30,1,7.9,34.03,55.3,18.11,77.11,Ya
SAT0214,Kemensos,Bali,Tugas Pembantuan,Belanja Pegawai,168.68,108,38,4,28.9,58.6,81.09,19.79,72.91,Ya
SAT0215,Kemendikbud,Aceh,Dekonsentrasi,Belanja Barang,28.37,201,56,0,12.85,37.93,65.22,20.64,75.37,Tidak
SAT0216,Kementan,DKI Jakarta,Kantor Pusat,Belanja Modal,19.61,252,116,2,27.21,45.07,66.81,3.61,93.93,Tidak
SAT0217,Kemendikbud,Jawa Timur,Kantor Pusat,Bantuan Sosial,11.45,328,86,1,20.07,41.88,63.5,28.16,90.33,Tidak
SAT0218,Kemendikbud,NTT,Kantor Daerah,Belanja Modal,35.56,58,184,3,25.67,48.89,78.7,5.44,86.41,Ya
SAT0219,Kemen PUPR,Lampung,Kantor Pusat,Belanja Barang,21.05,457,161,5,29.6,41.17,66.3,18.68,84.25,Tidak
SAT0220,Kemenkeu,Sumatera Utara,Kantor Daerah,Belanja Barang,82.78,41,170,3,12.21,33.1,51.95,6.68,97.67,Tidak
SAT0221,Kemenag,Papua,Tugas Pembantuan,Belanja Modal,25.26,400,46,5,29.03,53.22,77.37,9.22,72.18,Tidak
SAT0222,Kemenhub,Kalimantan Timur,Tugas Pembantuan,Belanja Modal,26.38,286,25,4,14.74,28.09,45.87,16.39,78.42,Tidak
SAT0223,Kemendagri,Bali,Kantor Pusat,Belanja Barang,14.24,29,46,3,14.64,40.25,54.83,12.52,80.5,Ya
SAT0224,Kemenhan,NTB,Tugas Pembantuan,Belanja Barang,20.57,163,145,1,13.51,35.19,57.13,4.81,93.47,Tidak
SAT0225,Kemensos,Sumatera Barat,Dekonsentrasi,Bantuan Sosial,31.87,392,117,1,18.54,47.58,76.14,5.13,99.78,Ya
SAT0226,Kemendikbud,Papua,Dekonsentrasi,Belanja Pegawai,2.83,77,109,3,8.85,19.7,48.28,12.54,77.22,Tidak
SAT0227,Kemenkeu,Riau,Kantor Pusat,Belanja Pegawai,4.37,375,196,1,18.84,34.15,50.99,22.72,96.23,Ya
SAT0228,Kemendikbud,Kalimantan Timur,Kantor Pusat,Bantuan Sosial,53.74,381,21,4,18.54,40.57,61.12,26.94,94.92,Tidak
SAT0229,Kementan,Sumatera Utara,Kantor Daerah,Belanja Modal,27.04,223,124,0,24.05,39.98,54.21,2.52,76.74,Ya
SAT0230,Kemen PUPR,Riau,Tugas Pembantuan,Belanja Barang,17.66,152,141,4,25.84,50.13,80.04,11.79,81.98,Tidak
SAT0231,Kemenhan,Aceh,Kantor Daerah,Belanja Modal,22.52,385,173,5,16.01,41.19,70.81,3.01,82.29,Tidak
SAT0232,Kemenag,Sumatera Utara,Kantor Daerah,Belanja Pegawai,33.43,241,133,4,12.56,24.61,47.6,0.5,99.35,Tidak
SAT0233,Kementan,NTT,Dekonsentrasi,Belanja Pegawai,11.53,222,134,5,11.48,31.76,57.85,19.85,75.43,Tidak
SAT0234,Kemenkes,Sumatera Barat,Dekonsentrasi,Belanja Modal,8.66,88,64,1,9.87,30.05,54.35,18.07,93.97,Ya
SAT0235,Kemenhan,Sulawesi Selatan,Dekonsentrasi,Belanja Pegawai,27.86,223,52,0,6.44,23.83,45.69,4.89,80.03,Ya
SAT0236,Kemendikbud,Sumatera Utara,Dekonsentrasi,Belanja Barang,6.81,125,33,1,13.56,42.22,53.29,7.01,91.93,Tidak
SAT0237,Kementan,Riau,Kantor Daerah,Bantuan Sosial,35.95,101,101,2,11.76,38.31,57.41,0.71,82.6,Ya
SAT0238,Kemenag,Lampung,Dekonsentrasi,Belanja Modal,2.86,279,14,1,29.16,53.1,76.6,25.05,87.35,Tidak
SAT0239,Kemenkeu,Sumatera Barat,Tugas Pembantuan,Belanja Barang,75.73,420,62,5,18.94,43.23,66.78,29.24,94.98,Tidak
SAT0240,Kemenkeu,Papua,Dekonsentrasi,Belanja Barang,38.84,390,192,1,13.68,32.91,50.37,4.06,94.12,Tidak
SAT0241,Kemendagri,Jawa Tengah,Dekonsentrasi,Belanja Pegawai,29.95,498,25,1,19.51,47.93,76.76,6.94,95.99,Ya
SAT0242,Kemenag,Jawa Tengah,Dekonsentrasi,Belanja Barang,71.63,177,32,0,8.48,32.37,45.72,26.05,71.79,Tidak
SAT0243,Kemenkeu,Aceh,Kantor Pusat,Belanja Modal,162.52,67,38,1,16.1,40.68,60.69,27.79,90.76,Ya
SAT0244,Kementan,Kalimantan Timur,Tugas Pembantuan,Belanja Barang,74.4,293,12,0,20.66,47.89,71.71,12.59,74.2,Tidak
SAT0245,Kemendagri,Kalimantan Timur,Tugas Pembantuan,Bantuan Sosial,2.42,35,191,3,17.22,32.7,56.64,1.52,82.47,Tidak
SAT0246,Kemenkeu,Sulawesi Selatan,Kantor Daerah,Belanja Barang,4.74,378,181,2,15.04,41.18,64.15,1.18,86.46,Ya
SAT0247,Kemenhan,Jawa Tengah,Kantor Daerah,Belanja Barang,10.41,456,83,0,29.85,43.75,59.26,17.22,82.08,Ya
SAT0248,Kemen PUPR,NTB,Dekonsentrasi,Bantuan Sosial,22.73,75,149,5,27.01,43.92,57.04,11.79,85.59,Tidak
SAT0249,Kemenkes,Riau,Kantor Pusat,Belanja Barang,40.99,418,192,3,20.59,37.3,60.02,0.86,99.9,Tidak
SAT0250,Kemenag,Kalimantan Timur,Kantor Daerah,Belanja Barang,9.22,257,91,0,19.23,48.8,70.79,17.5,74.06,Ya
SAT0251,Kementan,Sumatera Utara,Kantor Daerah,Belanja Pegawai,27.56,263,92,0,20.52,47.65,61.24,0.34,90.26,Ya
SAT0252,Kemensos,Kalimantan Timur,Dekonsentrasi,Belanja Modal,8.9,396,177,2,10.03,34.05,58.15,23.62,81.88,Ya
SAT0253,Kemendikbud,Jawa Barat,Dekonsentrasi,Belanja Pegawai,10.57,465,73,5,14.88,39.42,58.52,9.19,73.99,Ya
SAT0254,Kementan,Sulawesi Selatan,Kantor Daerah,Belanja Modal,4.07,53,164,4,5.99,27.23,50.59,1.21,74.76,Tidak
SAT0255,Kemenkeu,NTB,Kantor Daerah,Bantuan Sosial,7.27,106,176,4,16.89,45.83,72.58,17.65,98.48,Tidak
SAT0256,Kementan,Bali,Tugas Pembantuan,Bantuan Sosial,4.35,51,197,0,18.58,38.51,51.9,11.93,96.39,Tidak
SAT0257,Kemensos,DKI Jakarta,Kantor Pusat,Bantuan Sosial,6.83,236,91,1,10.69,28.3,38.68,29.21,97.21,Ya
SAT0258,Kemendikbud,Jawa Timur,Tugas Pembantuan,Belanja Modal,77.99,271,105,5,29.1,42.36,67.94,16.33,99.75,Tidak
SAT0259,Kemendagri,Sumatera Barat,Kantor Daerah,Belanja Modal,7.05,176,12,3,27.74,53.46,75.65,8.26,76.25,Tidak
SAT0260,Kemenkeu,DKI Jakarta,Tugas Pembantuan,Belanja Modal,500.0,445,81,1,23.05,47.74,71.73,21.28,80.66,Ya
SAT0261,Kemenhub,NTB,Tugas Pembantuan,Bantuan Sosial,39.81,288,91,1,18.33,36.02,62.78,8.14,90.08,Tidak
SAT0262,Kemenkeu,DKI Jakarta,Kantor Daerah,Belanja Modal,27.5,98,47,5,26.75,37.25,63.31,27.13,84.51,Ya
SAT0263,Kemenkes,NTT,Dekonsentrasi,Belanja Barang,7.86,388,133,0,8.27,35.05,64.27,11.24,82.55,Tidak
SAT0264,Kemenhub,Lampung,Kantor Daerah,Belanja Pegawai,51.04,187,113,0,24.76,34.99,55.71,16.5,80.73,Tidak
SAT0265,Kemenkes,NTB,Dekonsentrasi,Bantuan Sosial,11.04,436,183,0,8.12,32.19,51.96,1.52,87.81,Ya
SAT0266,Kemensos,NTB,Kantor Daerah,Belanja Pegawai,25.5,412,156,0,24.86,54.27,72.31,12.78,87.27,Ya
SAT0267,Kemenag,Sumatera Barat,Kantor Daerah,Belanja Barang,475.49,206,156,4,11.89,30.64,43.71,24.97,74.84,Ya
SAT0268,Kemendikbud,Bali,Kantor Daerah,Belanja Modal,19.63,316,21,0,26.93,41.63,63.08,24.17,84.15,Ya
SAT0269,Kemen PUPR,Kalimantan Timur,Kantor Pusat,Belanja Pegawai,87.48,276,137,4,28.6,52.7,68.24,6.73,86.6,Tidak
SAT0270,Kemendagri,Lampung,Dekonsentrasi,Belanja Barang,9.47,277,152,4,8.72,35.06,63.49,6.78,87.11,Tidak
SAT0271,Kemen PUPR,NTT,Kantor Pusat,Belanja Barang,21.12,83,25,0,16.57,37.5,59.16,24.52,76.3,Ya
SAT0272,Kemenhan,Riau,Kantor Daerah,Belanja Pegawai,184.42,17,62,2,29.52,58.86,80.72,27.91,92.27,Ya
SAT0273,Kemenhan,DKI Jakarta,Tugas Pembantuan,Bantuan Sosial,10.38,417,163,3,17.09,28.12,45.22,2.86,70.76,Tidak
SAT0274,Kemensos,Sumatera Barat,Kantor Pusat,Belanja Pegawai,193.87,485,114,1,26.59,46.69,57.73,13.5,80.64,Tidak
SAT0275,Kemenag,NTB,Dekonsentrasi,Bantuan Sosial,51.5,306,143,4,19.72,44.09,54.72,10.12,93.41,Tidak
SAT0276,Kemenhan,Riau,Kantor Daerah,Belanja Modal,11.22,173,184,5,14.38,41.63,60.1,26.12,86.92,Tidak
SAT0277,Kemenkeu,Jawa Barat,Kantor Pusat,Bantuan Sosial,47.05,494,147,5,12.14,25.73,37.42,2.51,77.83,Tidak
SAT0278,Kementan,Jawa Timur,Tugas Pembantuan,Belanja Modal,70.76,94,139,3,10.08,36.08,58.22,6.33,90.85,Ya
SAT0279,Kemenkes,DKI Jakarta,Kantor Pusat,Belanja Pegawai,46.45,81,32,5,24.04,45.09,72.71,22.57,87.02,Ya
SAT0280,Kemenhan,Jawa Tengah,Dekonsentrasi,Belanja Modal,3.35,64,55,2,14.66,32.59,60.25,1.54,93.89,Tidak
SAT0281,Kemensos,Bali,Kantor Pusat,Belanja Barang,9.2,402,190,5,17.78,30.41,53.59,14.78,92.05,Tidak
SAT0282,Kemenkes,Bali,Tugas Pembantuan,Belanja Modal,16.37,56,9,1,17.31,44.62,58.84,13.26,88.3,Tidak
SAT0283,Kemenkeu,Bali,Tugas Pembantuan,Bantuan Sosial,20.14,408,9,1,19.43,32.58,59.84,10.03,84.65,Tidak
SAT0284,Kemenag,Sulawesi Selatan,Dekonsentrasi,Bantuan Sosial,46.39,441,98,4,26.64,42.84,70.56,11.84,74.0,Tidak
SAT0285,Kemendikbud,Sulawesi Selatan,Tugas Pembantuan,Bantuan Sosial,27.26,247,100,0,29.52,45.32,59.25,15.9,77.84,Ya
SAT0286,Kemen PUPR,Sumatera Utara,Kantor Daerah,Belanja Modal,4.44,113,12,2,15.19,42.62,67.37,4.84,82.57,Ya
SAT0287,Kemenkeu,Riau,Tugas Pembantuan,Bantuan Sosial,34.76,219,68,4,25.69,49.14,64.87,17.16,87.98,Ya
SAT0288,Kemendagri,Papua,Kantor Daerah,Bantuan Sosial,45.83,51,142,2,24.11,50.04,76.09,24.16,85.41,Ya
SAT0289,Kemenhub,Jawa Timur,Kantor Pusat,Belanja Barang,43.12,325,42,0,19.34,34.35,64.29,22.8,78.65,Tidak
SAT0290,Kemensos,NTT,Kantor Daerah,Belanja Modal,80.57,477,115,5,28.9,51.4,62.0,4.62,70.19,Tidak
SAT0291,Kemen PUPR,Aceh,Kantor Daerah,Belanja Barang,59.92,463,116,5,10.01,31.44,59.39,4.48,84.89,Tidak
SAT0292,Kemendagri,Lampung,Kantor Pusat,Bantuan Sosial,38.22,277,85,0,7.73,34.39,56.84,8.05,78.57,Tidak
SAT0293,Kemendikbud,Lampung,Tugas Pembantuan,Bantuan Sosial,20.25,395,140,4,26.35,54.47,83.94,10.83,92.04,Ya
SAT0294,Kemendagri,Lampung,Kantor Daerah,Bantuan Sosial,3.0,272,108,0,15.98,26.22,45.52,12.25,70.72,Ya
SAT0295,Kemenag,Kalimantan Timur,Tugas Pembantuan,Belanja Modal,36.88,345,157,3,26.17,49.65,76.6,20.39,87.54,Tidak
SAT0296,Kemenhub,DKI Jakarta,Kantor Pusat,Belanja Pegawai,28.26,396,77,1,27.33,38.37,49.62,1.7,98.24,Tidak
SAT0297,Kemenkes,Aceh,Dekonsentrasi,Bantuan Sosial,30.51,374,198,4,6.56,27.54,44.25,1.04,75.23,Tidak
SAT0298,Kemen PUPR,Papua,Tugas Pembantuan,Bantuan Sosial,4.76,268,182,2,27.09,42.84,54.18,11.76,84.15,Tidak
SAT0299,Kemenhub,Kalimantan Timur,Tugas Pembantuan,Bantuan Sosial,6.02,292,199,3,16.21,32.35,61.86,20.91,72.74,Tidak
SAT0300,Kementan,NTT,Dekonsentrasi,Bantuan Sosial,77.95,123,53,4,17.76,34.82,61.16,5.8,88.77,Tidak
SAT0301,Kemenkeu,Lampung,Dekonsentrasi,Belanja Modal,21.01,372,40,0,20.66,43.09,70.14,19.25,86.52,Ya
SAT0302,Kementan,Papua,Kantor Pusat,Belanja Pegawai,49.9,49,130,0,28.16,44.84,73.6,7.79,82.22,Tidak
SAT0303,Kemenkeu,Kalimantan Timur,Tugas Pembantuan,Belanja Pegawai,22.79,495,72,0,5.48,30.13,41.83,26.58,85.64,Tidak
SAT0304,Kemenag,Jawa Barat,Tugas Pembantuan,Belanja Pegawai,22.83,426,82,0,16.92,35.01,52.72,26.87,96.9,Ya
SAT0305,Kemenhub,Aceh,Kantor Pusat,Bantuan Sosial,67.91,229,109,2,22.19,33.56,44.98,8.92,75.89,Tidak
SAT0306,Kemendikbud,Sulawesi Selatan,Tugas Pembantuan,Bantuan Sosial,11.86,138,173,3,23.07,48.75,62.97,6.9,70.68,Ya
SAT0307,Kemenhan,NTT,Kantor Daerah,Belanja Pegawai,24.72,17,126,5,22.31,38.03,52.62,12.34,95.85,Tidak
SAT0308,Kemendagri,Lampung,Kantor Daerah,Belanja Pegawai,12.65,110,123,1,8.36,27.02,46.4,7.22,87.31,Ya
SAT0309,Kemenhan,Sumatera Barat,Kantor Daerah,Bantuan Sosial,13.08,425,194,2,12.48,36.19,51.56,20.17,96.72,Tidak
SAT0310,Kemenhub,Jawa Timur,Tugas Pembantuan,Bantuan Sosial,15.2,389,118,2,13.97,30.62,42.64,24.78,87.91,Ya
SAT0311,Kementan,Jawa Tengah,Kantor Daerah,Belanja Barang,28.75,185,14,5,25.11,36.24,49.59,20.19,94.3,Tidak
SAT0312,Kemenhan,Jawa Barat,Kantor Daerah,Belanja Barang,12.4,116,153,5,11.97,29.45,42.4,24.73,82.89,Ya
SAT0313,Kemensos,Sulawesi Selatan,Kantor Pusat,Belanja Barang,99.4,110,168,1,10.27,39.16,68.62,11.91,92.5,Ya
SAT0314,Kemenhan,Bali,Kantor Pusat,Belanja Pegawai,7.53,269,144,1,28.94,51.77,76.96,4.69,97.39,Ya
SAT0315,Kemenkeu,Sulawesi Selatan,Dekonsentrasi,Belanja Modal,17.6,487,95,5,5.22,28.65,58.01,22.14,87.16,Tidak
SAT0316,Kemensos,Papua,Dekonsentrasi,Bantuan Sosial,13.0,463,6,0,29.95,52.6,71.39,10.81,75.42,Ya
SAT0317,Kemen PUPR,NTB,Dekonsentrasi,Belanja Barang,125.04,375,122,2,21.92,35.9,51.47,20.14,78.06,Ya
SAT0318,Kemenhan,Sumatera Utara,Dekonsentrasi,Belanja Modal,27.89,255,17,4,25.71,44.08,70.05,8.12,75.96,Tidak
SAT0319,Kemensos,Jawa Barat,Kantor Pusat,Bantuan Sosial,75.98,284,185,1,12.37,37.39,53.92,2.44,77.41,Tidak
SAT0320,Kemenhub,Bali,Kantor Pusat,Belanja Modal,3.7,41,164,1,5.36,17.39,33.38,29.78,79.19,Tidak
SAT0321,Kemendagri,Papua,Kantor Pusat,Belanja Pegawai,30.35,146,99,5,23.45,39.01,53.66,4.69,86.65,Ya
SAT0322,Kemen PUPR,NTB,Kantor Daerah,Belanja Pegawai,64.06,21,148,3,25.85,41.38,53.97,29.65,87.64,Tidak
SAT0323,Kemendikbud,NTT,Kantor Daerah,Belanja Pegawai,24.31,404,36,4,23.51,42.15,57.28,29.32,82.79,Tidak
SAT0324,Kemendikbud,Jawa Timur,Dekonsentrasi,Belanja Barang,79.11,311,36,4,8.57,38.18,55.29,23.81,88.46,Ya
SAT0325,Kemenag,Sulawesi Selatan,Kantor Daerah,Bantuan Sosial,11.84,384,128,1,23.84,35.19,58.67,19.78,72.45,Tidak
SAT0326,Kemenhan,Aceh,Tugas Pembantuan,Belanja Pegawai,119.52,25,15,0,24.22,44.59,55.84,17.33,72.63,Tidak
SAT0327,Kemendagri,Sumatera Barat,Kantor Pusat,Belanja Barang,347.55,138,14,3,21.46,35.05,49.26,25.98,75.15,Tidak
SAT0328,Kemenkes,NTT,Dekonsentrasi,Belanja Barang,14.25,72,19,4,24.15,53.56,79.74,8.68,85.54,Ya
SAT0329,Kemensos,Bali,Dekonsentrasi,Belanja Barang,12.91,118,21,1,26.15,38.42,51.36,14.03,76.42,Ya
SAT0330,Kemen PUPR,Papua,Tugas Pembantuan,Belanja Barang,126.0,384,172,4,20.34,38.41,55.26,18.58,78.5,Tidak
SAT0331,Kemenhub,Lampung,Kantor Daerah,Belanja Pegawai,146.6,30,150,3,7.22,31.98,59.27,12.34,82.01,Tidak
SAT0332,Kemenhan,Sumatera Utara,Dekonsentrasi,Belanja Barang,11.76,167,187,3,17.19,41.28,54.38,12.82,94.36,Ya
SAT0333,Kemenhub,Lampung,Kantor Daerah,Belanja Pegawai,13.3,278,157,2,6.94,25.39,37.04,9.91,70.42,Tidak
SAT0334,Kemenkes,Sulawesi Selatan,Kantor Daerah,Belanja Pegawai,15.71,171,63,5,15.19,32.12,51.81,16.93,89.48,Tidak
SAT0335,Kemenag,Sumatera Barat,Tugas Pembantuan,Belanja Barang,4.39,269,82,5,15.18,33.13,49.18,25.52,90.07,Tidak
SAT0336,Kemenkes,Jawa Timur,Dekonsentrasi,Belanja Pegawai,7.31,421,128,1,6.65,21.94,43.21,6.05,93.96,Ya
SAT0337,Kemenkeu,Sumatera Utara,Kantor Daerah,Bantuan Sosial,6.6,111,118,3,13.72,27.83,53.91,28.03,97.98,Tidak
SAT0338,Kementan,Kalimantan Timur,Kantor Daerah,Bantuan Sosial,8.77,232,26,2,7.77,27.43,40.17,20.67,70.6,Ya
SAT0339,Kemen PUPR,Papua,Tugas Pembantuan,Belanja Modal,21.13,68,162,2,25.21,40.58,62.19,24.7,74.61,Tidak
SAT0340,Kementan,NTT,Tugas Pembantuan,Bantuan Sosial,29.17,256,176,4,28.69,44.44,64.55,16.69,96.59,Ya
SAT0341,Kemenkes,Sumatera Barat,Kantor Daerah,Belanja Pegawai,141.58,137,36,4,6.81,29.95,42.83,23.39,83.76,Tidak
SAT0342,Kemenag,Riau,Tugas Pembantuan,Belanja Pegawai,6.65,292,183,2,28.88,58.25,80.73,0.49,86.94,Tidak
SAT0343,Kemenag,Sulawesi Selatan,Kantor Daerah,Bantuan Sosial,71.77,334,178,4,18.06,40.13,55.6,24.55,89.89,Ya
SAT0344,Kemendikbud,NTB,Dekonsentrasi,Belanja Barang,17.04,34,117,3,12.49,24.03,43.79,1.2,90.37,Tidak
SAT0345,Kemenhan,Sulawesi Selatan,Kantor Pusat,Belanja Barang,20.76,140,124,0,6.92,18.43,30.08,26.7,97.95,Tidak
SAT0346,Kemendikbud,Bali,Tugas Pembantuan,Belanja Pegawai,49.5,362,153,3,17.52,46.55,65.74,29.76,99.91,Tidak
SAT0347,Kemen PUPR,Sumatera Barat,Kantor Pusat,Belanja Barang,5.73,205,126,2,24.86,40.81,56.94,8.82,91.6,Tidak
SAT0348,Kemen PUPR,Jawa Timur,Kantor Daerah,Belanja Modal,34.85,290,36,2,22.68,34.52,60.97,6.31,78.62,Ya
SAT0349,Kemen PUPR,Jawa Tengah,Kantor Daerah,Belanja Modal,26.9,413,123,3,6.26,28.24,39.38,22.96,96.39,Ya
SAT0350,Kemenhub,NTB,Kantor Daerah,Bantuan Sosial,39.77,427,43,4,6.82,29.29,47.66,7.59,71.48,Ya
SAT0351,Kemendikbud,Kalimantan Timur,Kantor Pusat,Bantuan Sosial,31.16,163,16,4,15.07,38.04,57.21,25.97,76.93,Ya
SAT0352,Kemenhub,Sumatera Utara,Kantor Daerah,Belanja Barang,419.31,391,179,5,12.38,27.73,52.23,3.09,96.92,Ya
SAT0353,Kementan,Jawa Barat,Tugas Pembantuan,Belanja Pegawai,10.25,142,22,2,10.81,21.11,42.6,3.78,77.69,Ya
SAT0354,Kemenhan,Jawa Barat,Dekonsentrasi,Bantuan Sosial,11.65,236,153,1,12.03,41.33,64.67,29.37,76.62,Tidak
SAT0355,Kemenkes,Sumatera Barat,Dekonsentrasi,Belanja Modal,10.43,198,145,5,25.09,40.11,65.65,20.22,74.14,Tidak
SAT0356,Kemensos,Sulawesi Selatan,Tugas Pembantuan,Bantuan Sosial,11.31,485,153,4,28.23,51.75,78.99,25.41,95.77,Ya
SAT0357,Kemendikbud,Bali,Dekonsentrasi,Bantuan Sosial,10.25,486,130,3,15.13,39.26,55.54,9.73,85.0,Ya
SAT0358,Kemensos,DKI Jakarta,Kantor Pusat,Belanja Modal,91.75,274,140,4,27.65,49.85,70.61,20.29,90.25,Tidak
SAT0359,Kemenag,Aceh,Kantor Daerah,Belanja Pegawai,121.13,381,50,3,13.04,29.3,56.1,17.83,77.17,Ya
SAT0360,Kemendikbud,Sumatera Barat,Kantor Daerah,Bantuan Sosial,11.1,495,108,5,16.91,32.33,62.12,18.09,92.74,Ya
SAT0361,Kementan,Sulawesi Selatan,Kantor Daerah,Bantuan Sosial,8.11,443,139,2,10.65,32.6,60.39,20.48,92.8,Ya
SAT0362,Kemendikbud,Lampung,Kantor Pusat,Bantuan Sosial,38.78,143,155,4,21.01,48.33,65.76,17.26,79.38,Tidak
SAT0363,Kemenhub,Jawa Barat,Kantor Pusat,Belanja Barang,11.35,220,90,3,29.47,58.4,72.3,12.87,82.32,Tidak
SAT0364,Kemenhan,Jawa Barat,Kantor Pusat,Bantuan Sosial,47.08,69,154,2,20.09,32.21,52.0,8.28,76.29,Ya
SAT0365,Kemenkes,Kalimantan Timur,Tugas Pembantuan,Belanja Modal,28.1,437,93,1,13.95,27.05,51.88,23.06,99.3,Tidak
SAT0366,Kemendagri,NTT,Kantor Pusat,Belanja Pegawai,3.57,386,26,3,21.2,50.09,69.94,6.79,89.37,Tidak
SAT0367,Kemenkes,DKI Jakarta,Dekonsentrasi,Belanja Pegawai,141.07,404,96,5,8.07,32.8,52.46,20.77,98.04,Tidak
SAT0368,Kemenkes,Sulawesi Selatan,Tugas Pembantuan,Belanja Modal,190.05,459,33,1,27.22,54.88,81.64,7.0,79.1,Tidak
SAT0369,Kemenag,NTB,Tugas Pembantuan,Belanja Barang,10.56,440,17,1,17.58,31.63,48.86,18.76,93.46,Tidak
SAT0370,Kementan,Kalimantan Timur,Tugas Pembantuan,Belanja Modal,13.83,373,6,0,16.23,37.98,65.18,22.41,92.98,Ya
SAT0371,Kemensos,NTB,Kantor Pusat,Belanja Pegawai,31.04,373,33,4,19.65,43.67,61.81,6.56,90.75,Ya
SAT0372,Kementan,Bali,Tugas Pembantuan,Belanja Modal,32.9,466,184,3,20.62,44.22,60.78,1.8,98.97,Ya
SAT0373,Kemendagri,Kalimantan Timur,Kantor Pusat,Belanja Barang,48.55,222,31,1,6.79,24.95,44.03,3.93,81.81,Tidak
SAT0374,Kemenag,Sulawesi Selatan,Kantor Pusat,Belanja Pegawai,245.79,225,54,0,22.07,32.38,57.63,18.18,73.92,Tidak
SAT0375,Kemenhan,Papua,Tugas Pembantuan,Belanja Barang,17.81,235,99,5,11.05,32.71,45.23,25.48,90.15,Tidak
SAT0376,Kemenkes,Riau,Kantor Daerah,Belanja Modal,8.45,479,155,2,22.85,37.91,51.84,1.35,91.88,Tidak
SAT0377,Kemenhub,Jawa Tengah,Kantor Daerah,Bantuan Sosial,4.21,140,92,3,25.56,44.57,73.6,22.02,87.25,Ya
SAT0378,Kemenag,Sumatera Barat,Tugas Pembantuan,Belanja Modal,9.16,85,48,1,25.1,54.25,67.76,10.24,76.2,Tidak
SAT0379,Kemen PUPR,Sulawesi Selatan,Kantor Daerah,Belanja Barang,21.17,485,26,4,18.81,36.79,58.14,14.36,85.13,Tidak
SAT0380,Kemendikbud,Jawa Timur,Dekonsentrasi,Belanja Modal,189.75,295,175,0,18.0,44.8,66.39,27.87,79.37,Tidak
SAT0381,Kementan,Jawa Barat,Dekonsentrasi,Bantuan Sosial,11.84,483,169,1,8.57,22.34,42.13,9.96,82.82,Tidak
SAT0382,Kemenag,DKI Jakarta,Kantor Pusat,Belanja Barang,28.81,286,193,4,24.38,47.83,70.72,13.96,89.36,Tidak
SAT0383,Kemen PUPR,Lampung,Kantor Daerah,Belanja Modal,21.6,165,101,1,11.79,41.33,55.93,0.41,92.36,Ya
SAT0384,Kemensos,Lampung,Dekonsentrasi,Belanja Barang,91.68,257,188,3,17.42,29.46,50.51,2.45,76.97,Tidak
SAT0385,Kemendagri,NTB,Tugas Pembantuan,Belanja Barang,456.95,227,7,3,12.11,22.28,39.72,7.76,82.16,Ya
SAT0386,Kemendagri,DKI Jakarta,Kantor Daerah,Belanja Pegawai,11.65,199,195,3,8.35,27.02,50.25,0.84,78.07,Tidak
SAT0387,Kemenkes,Sumatera Barat,Dekonsentrasi,Belanja Pegawai,12.24,426,122,5,20.74,32.59,45.41,18.94,75.96,Tidak
SAT0388,Kemenkes,NTT,Dekonsentrasi,Belanja Barang,77.11,478,23,5,6.36,31.33,52.75,12.79,93.5,Tidak
SAT0389,Kemenag,Jawa Tengah,Tugas Pembantuan,Belanja Modal,49.92,172,27,0,23.72,52.01,65.72,16.44,97.28,Tidak
SAT0390,Kemenag,Jawa Timur,Kantor Pusat,Belanja Modal,202.01,189,161,3,12.94,31.62,47.19,5.24,81.11,Ya
SAT0391,Kemenhan,Jawa Barat,Tugas Pembantuan,Belanja Modal,44.39,43,34,4,5.0,20.17,34.54,8.88,92.54,Ya
SAT0392,Kemendikbud,Riau,Kantor Pusat,Bantuan Sosial,14.31,50,43,1,17.78,36.47,50.13,19.91,96.91,Ya
SAT0393,Kemenkeu,Lampung,Dekonsentrasi,Belanja Barang,44.75,316,112,2,6.17,30.64,57.15,28.96,95.38,Tidak
SAT0394,Kemensos,Sumatera Barat,Kantor Pusat,Belanja Barang,83.32,440,115,4,11.9,22.08,37.79,1.51,75.48,Tidak
SAT0395,Kemenkes,Sumatera Barat,Dekonsentrasi,Bantuan Sosial,58.96,347,29,5,22.67,44.46,73.0,26.71,98.69,Tidak
SAT0396,Kemenkeu,NTB,Dekonsentrasi,Belanja Barang,40.49,323,132,5,6.57,28.84,58.24,17.31,81.3,Ya
SAT0397,Kemenkeu,Sumatera Barat,Kantor Daerah,Belanja Barang,79.22,84,115,4,25.98,48.73,70.16,16.92,80.18,Tidak
SAT0398,Kemendikbud,DKI Jakarta,Kantor Pusat,Bantuan Sosial,89.6,450,140,5,5.1,19.94,32.8,15.01,71.87,Tidak
SAT0399,Kemenhub,Jawa Timur,Kantor Pusat,Belanja Pegawai,115.68,288,110,3,11.17,35.45,52.94,2.08,84.59,Ya
SAT0400,Kemenhub,Aceh,Kantor Pusat,Belanja Barang,47.98,185,190,0,23.52,35.35,61.3,2.7,73.27,Ya
SAT0401,Kemenkes,Kalimantan Timur,Tugas Pembantuan,Bantuan Sosial,18.02,393,148,1,12.91,26.9,44.25,18.03,77.46,Ya
SAT0402,Kemen PUPR,NTT,Kantor Daerah,Belanja Modal,26.27,159,76,0,7.55,35.1,46.84,10.23,79.51,Tidak
SAT0403,Kemendikbud,Sumatera Barat,Kantor Daerah,Belanja Pegawai,93.7,282,133,1,14.01,38.78,59.92,27.52,94.26,Tidak
SAT0404,Kemendikbud,Sulawesi Selatan,Kantor Daerah,Belanja Modal,8.26,334,112,1,11.76,22.03,48.93,12.2,96.26,Tidak
SAT0405,Kementan,Sulawesi Selatan,Tugas Pembantuan,Belanja Barang,34.28,117,9,0,26.07,41.04,66.96,4.3,79.07,Ya
SAT0406,Kemenkeu,Sumatera Barat,Kantor Pusat,Belanja Pegawai,13.74,148,7,4,12.83,27.12,40.62,21.44,95.76,Tidak
SAT0407,Kementan,Papua,Kantor Pusat,Bantuan Sosial,22.8,359,197,1,24.72,40.14,63.6,8.8,95.72,Ya
SAT0408,Kemenkeu,NTB,Kantor Pusat,Belanja Barang,102.14,280,136,0,27.3,42.25,56.66,15.76,92.94,Ya
SAT0409,Kemenhub,Aceh,Kantor Daerah,Bantuan Sosial,27.7,356,108,1,15.85,27.1,41.46,20.93,74.4,Tidak
SAT0410,Kemenkes,Jawa Barat,Kantor Daerah,Belanja Pegawai,23.29,428,68,2,27.75,46.93,74.41,27.01,90.71,Ya
SAT0411,Kemensos,Jawa Timur,Dekonsentrasi,Belanja Modal,4.31,298,110,4,14.43,39.08,54.07,23.77,98.35,Tidak
SAT0412,Kemenhub,Sumatera Utara,Tugas Pembantuan,Belanja Barang,53.93,221,102,3,29.1,51.23,66.49,20.29,90.48,Ya
SAT0413,Kemendikbud,DKI Jakarta,Tugas Pembantuan,Belanja Barang,47.79,390,14,1,7.23,30.69,40.7,20.39,79.95,Tidak
SAT0414,Kemensos,Bali,Kantor Daerah,Bantuan Sosial,295.35,281,153,2,22.18,33.8,61.21,28.38,85.02,Tidak
SAT0415,Kemenag,Bali,Dekonsentrasi,Belanja Pegawai,15.22,427,132,3,17.35,46.38,72.23,8.87,89.37,Tidak
SAT0416,Kemensos,Sulawesi Selatan,Kantor Pusat,Bantuan Sosial,28.65,75,50,3,14.69,41.46,64.01,0.03,85.32,Ya
SAT0417,Kemensos,Lampung,Kantor Daerah,Belanja Pegawai,29.71,492,159,1,20.82,46.92,71.93,8.16,73.6,Ya
SAT0418,Kemenhub,Sumatera Utara,Tugas Pembantuan,Belanja Barang,146.23,433,70,0,22.6,49.06,62.1,6.54,79.36,Tidak
SAT0419,Kemendikbud,Bali,Tugas Pembantuan,Belanja Pegawai,19.65,257,173,1,5.11,33.76,52.93,19.86,94.07,Ya
SAT0420,Kemensos,Jawa Tengah,Tugas Pembantuan,Belanja Barang,30.79,165,116,2,9.17,30.06,47.08,19.01,95.84,Tidak
SAT0421,Kemenhub,Jawa Tengah,Kantor Pusat,Belanja Pegawai,45.68,56,17,3,22.83,36.84,48.72,17.8,74.12,Tidak
SAT0422,Kemenhub,Jawa Barat,Tugas Pembantuan,Belanja Modal,27.55,432,141,1,21.66,44.0,63.72,0.49,98.57,Ya
SAT0423,Kemensos,Sumatera Utara,Kantor Pusat,Belanja Pegawai,12.89,463,168,0,29.15,54.01,82.42,21.86,79.86,Ya
SAT0424,Kemenkeu,Jawa Tengah,Kantor Pusat,Belanja Modal,27.8,210,90,1,24.03,48.79,59.59,9.71,89.87,Tidak
SAT0425,Kemendikbud,Jawa Tengah,Kantor Pusat,Belanja Pegawai,79.89,157,94,4,28.77,49.2,65.03,19.95,92.55,Tidak
SAT0426,Kemendagri,Aceh,Kantor Daerah,Belanja Pegawai,6.43,133,62,0,22.56,33.93,48.08,16.7,94.36,Tidak
SAT0427,Kemensos,Sulawesi Selatan,Kantor Pusat,Bantuan Sosial,25.84,10,58,2,12.45,29.87,44.63,10.28,98.37,Tidak
SAT0428,Kementan,Bali,Dekonsentrasi,Bantuan Sosial,9.51,465,16,3,7.63,36.05,64.22,4.04,79.39,Tidak
SAT0429,Kementan,Jawa Barat,Tugas Pembantuan,Belanja Barang,92.42,256,18,1,24.55,46.24,65.6,2.83,95.76,Ya
SAT0430,Kemenag,Jawa Timur,Kantor Daerah,Bantuan Sosial,3.54,352,125,0,21.1,41.87,61.2,24.95,73.95,Tidak
SAT0431,Kemendikbud,Sumatera Barat,Tugas Pembantuan,Belanja Pegawai,11.26,137,166,4,6.2,21.58,46.79,27.55,91.15,Tidak
SAT0432,Kemenhub,Kalimantan Timur,Kantor Pusat,Bantuan Sosial,34.64,200,185,0,14.0,31.37,44.46,19.49,92.26,Ya
SAT0433,Kemenhan,DKI Jakarta,Kantor Daerah,Belanja Pegawai,144.15,76,125,5,28.92,56.83,76.58,3.1,90.33,Ya
SAT0434,Kemenkes,DKI Jakarta,Dekonsentrasi,Belanja Modal,20.36,13,24,4,17.51,40.84,59.44,12.06,77.57,Ya
SAT0435,Kemen PUPR,Lampung,Kantor Pusat,Belanja Pegawai,11.31,451,79,2,15.82,41.57,63.51,21.87,96.19,Ya
SAT0436,Kemenhan,Riau,Tugas Pembantuan,Belanja Barang,210.53,418,148,3,16.44,35.53,65.52,23.39,75.07,Tidak
SAT0437,Kemendikbud,NTT,Dekonsentrasi,Belanja Modal,3.88,312,74,2,10.22,32.82,58.21,3.55,71.61,Ya
SAT0438,Kemendikbud,Kalimantan Timur,Kantor Pusat,Belanja Barang,1.57,303,60,1,14.22,29.19,47.15,0.0,91.52,Ya
SAT0439,Kemensos,NTB,Dekonsentrasi,Belanja Barang,37.35,152,105,0,14.25,38.36,64.91,21.36,84.26,Tidak
SAT0440,Kemensos,Kalimantan Timur,Kantor Pusat,Belanja Barang,12.06,200,190,5,6.31,24.86,38.27,10.7,95.47,Tidak
SAT0441,Kemenhan,DKI Jakarta,Kantor Daerah,Bantuan Sosial,6.47,30,136,4,24.19,43.04,53.65,7.63,81.5,Tidak
SAT0442,Kemenhub,DKI Jakarta,Kantor Pusat,Belanja Barang,51.54,236,115,4,15.41,38.4,52.49,0.39,75.05,Tidak
SAT0443,Kemenag,Jawa Timur,Kantor Daerah,Belanja Modal,29.51,322,129,0,25.55,54.28,71.09,16.21,95.09,Ya
SAT0444,Kemensos,Sumatera Utara,Kantor Pusat,Belanja Pegawai,11.19,126,136,5,26.26,37.54,57.75,25.53,86.47,Tidak
SAT0445,Kemen PUPR,Sumatera Utara,Kantor Pusat,Belanja Barang,4.74,446,24,0,10.3,36.79,59.09,28.73,75.68,Tidak
SAT0446,Kemen PUPR,Jawa Timur,Tugas Pembantuan,Belanja Modal,62.75,311,142,1,21.43,37.28,65.49,16.97,91.61,Ya
SAT0447,Kemenag,Bali,Dekonsentrasi,Belanja Barang,48.06,151,28,2,16.81,35.69,55.89,15.43,85.33,Ya
SAT0448,Kemenkeu,Kalimantan Timur,Dekonsentrasi,Belanja Pegawai,19.56,493,158,4,27.0,37.44,57.47,2.55,88.13,Ya
SAT0449,Kemenkeu,Papua,Dekonsentrasi,Belanja Modal,201.99,469,41,1,10.39,26.41,37.41,16.47,83.83,Ya
SAT0450,Kemendikbud,Kalimantan Timur,Kantor Pusat,Belanja Modal,6.1,410,58,2,21.95,42.0,52.7,11.4,94.86,Tidak
SAT0451,Kemensos,Aceh,Kantor Pusat,Belanja Pegawai,3.53,48,107,1,20.19,31.31,52.33,18.21,94.89,Tidak
SAT0452,Kementan,NTT,Kantor Pusat,Belanja Modal,9.6,402,153,5,12.38,32.2,50.96,11.66,91.28,Tidak
SAT0453,Kemenhan,DKI Jakarta,Kantor Daerah,Belanja Pegawai,20.85,364,42,4,8.42,36.96,63.74,7.21,73.16,Tidak
SAT0454,Kemendagri,Riau,Kantor Daerah,Belanja Modal,29.5,261,178,0,21.29,33.4,46.61,2.85,95.17,Ya
SAT0455,Kemenag,NTB,Tugas Pembantuan,Belanja Modal,16.49,342,8,0,23.46,48.75,59.25,9.45,90.13,Ya
SAT0456,Kemendikbud,Kalimantan Timur,Kantor Pusat,Belanja Pegawai,33.61,216,192,2,12.89,31.08,50.06,2.9,90.91,Tidak
SAT0457,Kementan,DKI Jakarta,Dekonsentrasi,Belanja Pegawai,4.91,219,61,3,21.12,44.22,58.97,5.31,80.89,Ya
SAT0458,Kemensos,Kalimantan Timur,Dekonsentrasi,Belanja Modal,124.56,124,177,5,14.88,30.08,41.07,29.62,96.38,Tidak
SAT0459,Kementan,NTT,Tugas Pembantuan,Belanja Modal,19.96,234,24,2,22.83,36.02,60.51,13.32,91.76,Tidak
SAT0460,Kementan,Bali,Dekonsentrasi,Belanja Pegawai,84.18,143,21,3,9.98,23.19,35.42,15.96,73.38,Ya
SAT0461,Kemenag,Sumatera Barat,Tugas Pembantuan,Bantuan Sosial,33.23,260,123,1,27.26,38.67,60.84,26.21,82.23,Ya
SAT0462,Kemendikbud,Papua,Kantor Pusat,Belanja Pegawai,38.11,228,75,5,12.19,25.9,41.52,29.87,96.59,Tidak
SAT0463,Kemenhub,Lampung,Dekonsentrasi,Belanja Modal,43.64,416,8,1,14.19,37.47,50.94,17.48,71.42,Tidak
SAT0464,Kemen PUPR,Jawa Tengah,Kantor Pusat,Belanja Modal,37.69,452,18,4,6.45,34.08,51.68,24.37,98.84,Tidak
SAT0465,Kemenhan,Aceh,Kantor Daerah,Belanja Modal,47.63,100,7,5,7.79,34.07,60.1,9.81,90.37,Tidak
SAT0466,Kemendikbud,Jawa Timur,Dekonsentrasi,Belanja Pegawai,108.55,363,84,3,17.9,41.6,59.44,9.17,88.94,Tidak
SAT0467,Kemendagri,Jawa Timur,Kantor Daerah,Belanja Modal,27.88,385,190,4,11.69,23.9,48.92,12.08,78.12,Tidak
SAT0468,Kementan,Lampung,Dekonsentrasi,Bantuan Sosial,51.58,55,59,0,25.89,41.67,54.18,20.18,77.46,Tidak
SAT0469,Kemenhub,Papua,Kantor Pusat,Belanja Barang,19.78,47,136,3,5.37,21.57,47.03,20.47,98.26,Tidak
SAT0470,Kemenag,Riau,Tugas Pembantuan,Bantuan Sosial,124.01,151,124,2,14.48,29.48,44.22,9.46,78.95,Tidak
SAT0471,Kemenkes,Kalimantan Timur,Kantor Pusat,Belanja Pegawai,9.78,109,28,0,13.43,33.73,57.28,4.0,93.27,Tidak
SAT0472,Kemenhan,Jawa Tengah,Kantor Pusat,Belanja Modal,191.21,337,166,0,5.48,26.19,47.51,18.97,81.79,Tidak
SAT0473,Kemenhan,NTT,Kantor Pusat,Belanja Pegawai,20.99,199,162,2,8.11,25.25,53.83,3.85,74.18,Ya
SAT0474,Kemen PUPR,Sumatera Utara,Dekonsentrasi,Belanja Barang,3.96,44,86,5,15.34,32.42,50.17,17.35,70.32,Ya
SAT0475,Kemenkes,Kalimantan Timur,Tugas Pembantuan,Belanja Pegawai,25.69,156,151,0,17.32,43.89,55.21,20.8,86.33,Ya
SAT0476,Kemensos,Bali,Kantor Daerah,Belanja Modal,9.73,39,163,3,15.11,40.9,51.28,21.02,99.27,Ya
SAT0477,Kemenkes,DKI Jakarta,Kantor Pusat,Belanja Barang,60.4,343,192,4,18.27,34.43,60.97,22.6,81.07,Tidak
SAT0478,Kementan,Lampung,Dekonsentrasi,Belanja Barang,10.07,93,64,0,19.88,48.16,68.65,26.19,80.72,Ya
SAT0479,Kementan,Jawa Barat,Kantor Daerah,Belanja Modal,12.89,378,151,3,5.25,34.31,59.81,15.0,80.32,Ya
SAT0480,Kementan,Kalimantan Timur,Kantor Pusat,Belanja Modal,2.28,290,53,1,16.6,33.13,47.82,21.91,85.62,Tidak
SAT0481,Kementan,Sumatera Barat,Kantor Daerah,Belanja Modal,12.8,433,67,3,29.09,46.18,63.08,18.58,83.22,Ya
SAT0482,Kemendikbud,Aceh,Kantor Pusat,Belanja Pegawai,1.2,353,114,4,17.98,38.09,48.69,5.6,96.4,Tidak
SAT0483,Kemenhan,Riau,Kantor Daerah,Bantuan Sosial,3.29,279,154,3,21.94,50.76,79.99,0.77,85.17,Ya
SAT0484,Kemenkes,NTB,Kantor Daerah,Belanja Pegawai,54.86,163,156,2,12.8,40.33,63.69,8.54,85.23,Tidak
SAT0485,Kemenhan,Riau,Tugas Pembantuan,Belanja Pegawai,56.55,111,113,4,24.35,36.4,65.06,13.29,74.15,Tidak
SAT0486,Kemendagri,Aceh,Tugas Pembantuan,Bantuan Sosial,36.7,224,80,5,24.32,42.17,57.48,18.51,99.48,Tidak
SAT0487,Kemenkes,Jawa Barat,Kantor Pusat,Belanja Modal,6.9,159,34,1,18.03,39.1,61.33,25.5,77.5,Tidak
SAT0488,Kemendikbud,Kalimantan Timur,Dekonsentrasi,Belanja Modal,20.8,441,62,2,29.4,49.46,73.03,5.89,72.2,Tidak
SAT0489,Kemendagri,Aceh,Tugas Pembantuan,Bantuan Sosial,21.93,92,121,5,8.14,22.02,38.37,3.77,89.89,Ya
SAT0490,Kemenhan,Papua,Kantor Daerah,Bantuan Sosial,5.49,119,163,3,5.42,32.6,59.56,28.9,87.86,Ya
SAT0491,Kemendagri,Sumatera Barat,Tugas Pembantuan,Belanja Pegawai,133.8,444,104,4,24.25,47.79,76.73,3.24,82.45,Ya
SAT0492,Kemen PUPR,Jawa Barat,Tugas Pembantuan,Belanja Barang,63.12,396,196,1,25.18,51.94,79.64,14.35,82.67,Ya
SAT0493,Kemendagri,Kalimantan Timur,Kantor Pusat,Bantuan Sosial,16.9,435,23,2,8.01,35.19,59.97,17.57,93.55,Tidak
SAT0494,Kemenkes,Jawa Timur,Tugas Pembantuan,Belanja Pegawai,22.75,284,180,5,11.64,36.61,52.16,16.24,75.87,Tidak
SAT0495,Kementan,Sumatera Barat,Tugas Pembantuan,Belanja Barang,28.28,210,177,5,5.44,24.22,39.85,2.58,94.61,Ya
SAT0496,Kementan,Riau,Kantor Daerah,Belanja Modal,1.9,293,98,1,12.33,34.54,63.81,1.71,89.46,Ya
SAT0497,Kemensos,Jawa Barat,Tugas Pembantuan,Belanja Modal,16.37,477,187,3,24.33,37.54,47.75,3.16,82.57,Tidak
SAT0498,Kemenhan,Riau,Kantor Daerah,Belanja Pegawai,9.72,182,117,1,17.95,41.42,65.74,17.57,83.74,Ya
SAT0499,Kemen PUPR,Kalimantan Timur,Tugas Pembantuan,Belanja Pegawai,6.62,336,187,5,13.7,27.29,51.41,16.33,77.7,Tidak
SAT0500,Kemenkes,Riau,Tugas Pembantuan,Bantuan Sosial,15.72,215,150,0,14.29,38.17,60.62,7.01,92.56,Ya
